{"ProtectiveEquipmentModelVersion": "1.0", "Persons": [{"BodyParts": [{"Name": "FACE", "Confidence": 99.59124755859375, "EquipmentDetections": [{"BoundingBox": {"Width": 0.23393216729164124, "Height": 0.3322300910949707, "Left": 0.4001058042049408, "Top": 0.3430491089820862}, "Confidence": 99.96988677978516, "Type": "FACE_COVER", "CoversBodyPart": {"Confidence": 89.14076232910156, "Value": true}}]}, {"Name": "HEAD", "Confidence": 99.99888610839844, "EquipmentDetections": []}], "BoundingBox": {"Width": 0.722734272480011, "Height": 0.9252451062202454, "Left": 0.13210445642471313, "Top": 0.050245098769664764}, "Confidence": 99.63819885253906, "Id": 0}], "Summary": {"PersonsWithRequiredEquipment": [], "PersonsWithoutRequiredEquipment": [], "PersonsIndeterminate": [0]}, "ResponseMetadata": {"RequestId": "5b4ef29d-7306-4b44-98cd-8f0c347ceef4", "HTTPStatusCode": 200, "HTTPHeaders": {"x-amzn-requestid": "5b4ef29d-7306-4b44-98cd-8f0c347ceef4", "content-type": "application/x-amz-json-1.1", "content-length": "723", "date": "Tue, 16 Nov 2021 21:17:22 GMT"}, "RetryAttempts": 0}}