{"ProtectiveEquipmentModelVersion": "1.0", "Persons": [{"BodyParts": [{"Name": "FACE", "Confidence": 99.79985046386719, "EquipmentDetections": [{"BoundingBox": {"Width": 0.22385680675506592, "Height": 0.2802276611328125, "Left": 0.35580703616142273, "Top": 0.4683688282966614}, "Confidence": 99.95972442626953, "Type": "FACE_COVER", "CoversBodyPart": {"Confidence": 97.81217956542969, "Value": false}}]}, {"Name": "HEAD", "Confidence": 99.99964141845703, "EquipmentDetections": []}], "BoundingBox": {"Width": 0.692307710647583, "Height": 0.9478155374526978, "Left": 0.11608391255140305, "Top": 0.033980581909418106}, "Confidence": 99.8763198852539, "Id": 0}], "Summary": {"PersonsWithRequiredEquipment": [], "PersonsWithoutRequiredEquipment": [0], "PersonsIndeterminate": []}, "ResponseMetadata": {"RequestId": "726858e1-e648-459e-935d-2bae40acab93", "HTTPStatusCode": 200, "HTTPHeaders": {"x-amzn-requestid": "726858e1-e648-459e-935d-2bae40acab93", "content-type": "application/x-amz-json-1.1", "content-length": "724", "date": "Tue, 16 Nov 2021 21:18:24 GMT"}, "RetryAttempts": 0}}